",Year,quarter,Bene_Geo_Desc,Bene_Mdcd_Mdcr_Enrl_Stus,Bene_Race_Desc,Bene_Sex_Desc,Bene_Mdcr_Entlmt_Stus,Bene_Age_Desc,Bene_RUCA_Desc,Total_Bene_TH_Elig,Total_PartB_Enrl,Total_Bene_Telehealth,Pct_Telehealth"
"0,2020,1,Maryland,All,All,All,All,All,All,592958.0,772851.33333,44146.0,0.0745"
"1,2020,1,Maryland,Medicare & Medicaid,All,All,All,All,All,106615.0,133450.33333,9736.0,0.0913"
"2,2020,1,Maryland,Medicare Only,All,All,All,All,All,486343.0,639401.0,34410.0,0.0708"
"3,2020,1,Maryland,All,American Indian/Alaska Native,All,All,All,All,304.0,407.0,37.0,0.1217"
"4,2020,1,Maryland,All,Asian/Pacific Islander,All,All,All,All,19417.0,29061.0,1445.0,0.0744"
"5,2020,1,Maryland,All,Black/African American,All,All,All,All,141697.0,189695.0,10437.0,0.0737"
"6,2020,1,Maryland,All,Hispanic,All,All,All,All,14359.0,21231.333333,1035.0,0.0721"
"7,2020,1,Maryland,All,Non-Hispanic White,All,All,All,All,399138.0,507116.66667,29705.0,0.0744"
"8,2020,1,Maryland,All,All,Female,All,All,All,347970.0,441195.0,27921.0,0.0802"
"9,2020,1,Maryland,All,All,Male,All,All,All,244988.0,331656.33333,16225.0,0.0662"
"10,2020,1,Maryland,All,All,All,Aged,All,All,514455.0,672750.33333,34843.0,0.0677"
"11,2020,1,Maryland,All,All,All,Disabled,All,All,68908.0,90243.333333,8531.0,0.1238"
"12,2020,1,Maryland,All,All,All,ESRD,All,All,9595.0,9857.6666667,772.0,0.0805"
"13,2020,1,Maryland,All,All,All,All,0-64,All,73076.0,94580.666667,8883.0,0.1216"
"14,2020,1,Maryland,All,All,All,All,65-74,All,254933.0,350607.33333,18529.0,0.0727"
"15,2020,1,Maryland,All,All,All,All,75-84,All,182092.0,227299.66667,11958.0,0.0657"
"16,2020,1,Maryland,All,All,All,All,85 and over,All,82857.0,100363.66667,4776.0,0.0576"
"17,2020,1,Maryland,All,All,All,All,All,Rural,34806.0,44370.666667,2229.0,0.064"
"18,2020,1,Maryland,All,All,All,All,All,Urban,558097.0,728312.33333,41914.0,0.0751"
"19,2020,3,Maryland,All,All,All,All,All,All,590730.0,780907.66667,214369.0,0.3629"
"20,2020,3,Maryland,Medicare & Medicaid,All,All,All,All,All,103630.0,132798.0,47623.0,0.4595"
"21,2020,3,Maryland,Medicare Only,All,All,All,All,All,487100.0,648109.66667,166746.0,0.3423"
"22,2020,3,Maryland,All,American Indian/Alaska Native,All,All,All,All,294.0,411.33333333,127.0,0.432"
"23,2020,3,Maryland,All,Asian/Pacific Islander,All,All,All,All,19671.0,29762.333333,7910.0,0.4021"
"24,2020,3,Maryland,All,Black/African American,All,All,All,All,139015.0,191333.33333,55193.0,0.397"
"25,2020,3,Maryland,All,Hispanic,All,All,All,All,14307.0,21807.666667,5369.0,0.3753"
"26,2020,3,Maryland,All,Non-Hispanic White,All,All,All,All,399037.0,511251.33333,138950.0,0.3482"
"27,2020,3,Maryland,All,All,Female,All,All,All,346814.0,445381.66667,131890.0,0.3803"
"28,2020,3,Maryland,All,All,Male,All,All,All,243916.0,335526.0,82479.0,0.3381"
"29,2020,3,Maryland,All,All,All,Aged,All,All,513045.0,679318.66667,174874.0,0.3409"
"30,2020,3,Maryland,All,All,All,ESRD,All,All,8998.0,9374.0,3688.0,0.4099"
"31,2020,3,Maryland,All,All,All,All,65-74,All,265292.0,369347.0,91358.0,0.3444"
"32,2020,3,Maryland,All,All,All,All,75-84,All,177220.0,222086.66667,59991.0,0.3385"
"33,2020,3,Maryland,All,All,All,All,85 and over,All,75467.0,92899.666667,25529.0,0.3383"
"34,2020,3,Maryland,All,All,All,All,All,Rural,35339.0,44825.0,9146.0,0.2588"
"35,2020,3,Maryland,All,All,All,All,All,Urban,555347.0,735922.33333,205210.0,0.3695"
"36,2020,4,Maryland,All,All,All,All,All,All,590560.0,784134.33333,204520.0,0.3463"
"37,2020,4,Maryland,Medicare & Medicaid,All,All,All,All,All,103334.0,132969.0,45952.0,0.4447"
"38,2020,4,Maryland,Medicare Only,All,All,All,All,All,487226.0,651165.33333,158568.0,0.3255"
"39,2020,4,Maryland,All,American Indian/Alaska Native,All,All,All,All,276.0,407.0,115.0,0.4167"
"40,2020,4,Maryland,All,Asian/Pacific Islander,All,All,All,All,19682.0,29962.0,7417.0,0.3768"
"41,2020,4,Maryland,All,Black/African American,All,All,All,All,139433.0,191761.66667,51895.0,0.3722"
"42,2020,4,Maryland,All,Hispanic,All,All,All,All,14830.0,21995.0,5188.0,0.3498"
"43,2020,4,Maryland,All,Non-Hispanic White,All,All,All,All,397547.0,513235.66667,133400.0,0.3356"
"44,2020,4,Maryland,All,All,Female,All,All,All,346752.0,447419.33333,126777.0,0.3656"
"45,2020,4,Maryland,All,All,Male,All,All,All,243808.0,336715.0,77743.0,0.3189"
"46,2020,4,Maryland,All,All,All,Aged,All,All,512863.0,681974.0,165443.0,0.3226"
"47,2020,4,Maryland,All,All,All,ESRD,All,All,8724.0,9104.0,3396.0,0.3893"
"48,2020,4,Maryland,All,All,All,All,65-74,All,271054.0,377554.33333,89793.0,0.3313"
"49,2020,4,Maryland,All,All,All,All,75-84,All,174277.0,219669.33333,55381.0,0.3178"
"50,2020,4,Maryland,All,All,All,All,85 and over,All,72243.0,89542.0,22003.0,0.3046"
"51,2020,4,Maryland,All,All,All,All,All,Rural,35222.0,45009.0,9078.0,0.2577"
"52,2020,4,Maryland,All,All,All,All,All,Urban,555298.0,738974.66667,195425.0,0.3519"
"53,2021,Overall,Maryland,All,All,All,All,All,All,732360.0,754500.75,311895.0,0.4259"
"54,2021,Overall,Maryland,All,All,All,All,All,Rural,44212.0,44639.833333,13976.0,0.3161"
"55,2021,Overall,Maryland,All,All,All,All,All,Urban,688057.0,709704.0,297884.0,0.4329"
"56,2021,Overall,Maryland,All,All,All,All,65-74,All,338488.0,351690.08333,135654.0,0.4008"
"57,2021,Overall,Maryland,All,All,All,All,75-84,All,216860.0,223171.25,89638.0,0.4133"
"58,2021,Overall,Maryland,All,All,All,All,85 and over,All,91228.0,90432.916667,36517.0,0.4003"
"59,2021,Overall,Maryland,All,All,All,Aged,All,All,641211.0,660519.58333,258916.0,0.4038"
"60,2021,Overall,Maryland,All,All,Female,All,All,All,424836.0,430525.91667,191627.0,0.4511"
"61,2021,Overall,Maryland,All,All,Male,All,All,All,307524.0,323974.83333,120268.0,0.3911"
"62,2021,Overall,Maryland,All,Asian/Pacific Islander,All,All,All,All,27323.0,29696.083333,11969.0,0.4381"
"63,2021,Overall,Maryland,All,Black/African American,All,All,All,All,171445.0,179615.66667,79094.0,0.4613"
"64,2021,Overall,Maryland,All,Hispanic,All,All,All,All,19725.0,21329.833333,8283.0,0.4199"
"65,2021,Overall,Maryland,All,Non-Hispanic White,All,All,All,All,488004.0,496526.25,201443.0,0.4128"
"66,2021,Overall,Maryland,Medicare Only,All,All,All,All,All,599941.0,622153.83333,243539.0,0.4059"
"67,2021,1,Maryland,All,All,All,All,All,All,566729.0,751087.66667,196631.0,0.347"
"68,2021,1,Maryland,Medicare & Medicaid,All,All,All,All,All,104151.0,132627.33333,46410.0,0.4456"
"69,2021,1,Maryland,Medicare Only,All,All,All,All,All,462578.0,618460.33333,150221.0,0.3247"
"70,2021,1,Maryland,All,American Indian/Alaska Native,All,All,All,All,279.0,393.33333333,119.0,0.4265"
"71,2021,1,Maryland,All,Asian/Pacific Islander,All,All,All,All,19143.0,29259.0,7315.0,0.3821"
"72,2021,1,Maryland,All,Black/African American,All,All,All,All,132080.0,179770.66667,50052.0,0.379"
"73,2021,1,Maryland,All,Hispanic,All,All,All,All,14277.0,21142.666667,5068.0,0.355"
"74,2021,1,Maryland,All,Non-Hispanic White,All,All,All,All,382521.0,494208.33333,127525.0,0.3334"
"75,2021,1,Maryland,All,All,Female,All,All,All,332148.0,428453.33333,122129.0,0.3677"
"76,2021,1,Maryland,All,All,Male,All,All,All,234581.0,322634.33333,74502.0,0.3176"
"77,2021,1,Maryland,All,All,All,Aged,All,All,494024.0,657218.66667,159065.0,0.322"
"78,2021,1,Maryland,All,All,All,ESRD,All,All,8816.0,9038.3333333,3609.0,0.4094"
"79,2021,1,Maryland,All,All,All,All,65-74,All,242940.0,340194.66667,81168.0,0.3341"
"80,2021,1,Maryland,All,All,All,All,75-84,All,178984.0,226976.33333,56464.0,0.3155"
"81,2021,1,Maryland,All,All,All,All,85 and over,All,77215.0,95208.666667,23462.0,0.3039"
"82,2021,1,Maryland,All,All,All,All,All,Rural,34836.0,44338.666667,8648.0,0.2482"
"83,2021,1,Maryland,All,All,All,All,All,Urban,531828.0,706587.0,187961.0,0.3534"
"84,2021,2,Maryland,All,All,All,All,All,All,582393.0,750017.0,142013.0,0.2438"
"85,2021,2,Maryland,Medicare & Medicaid,All,All,All,All,All,105692.0,131963.0,37032.0,0.3504"
"86,2021,2,Maryland,Medicare Only,All,All,All,All,All,476701.0,618054.0,104981.0,0.2202"
"87,2021,2,Maryland,All,American Indian/Alaska Native,All,All,All,All,284.0,386.33333333,88.0,0.3099"
"88,2021,2,Maryland,All,Asian/Pacific Islander,All,All,All,All,20567.0,29417.0,5576.0,0.2711"
"89,2021,2,Maryland,All,Black/African American,All,All,All,All,134169.0,178531.66667,37700.0,0.281"
"90,2021,2,Maryland,All,Hispanic,All,All,All,All,14648.0,21118.333333,3657.0,0.2497"
"91,2021,2,Maryland,All,Non-Hispanic White,All,All,All,All,393233.0,493951.33333,89977.0,0.2288"
"92,2021,2,Maryland,All,All,Female,All,All,All,342937.0,428011.66667,89284.0,0.2604"
"93,2021,2,Maryland,All,All,Male,All,All,All,239456.0,322005.33333,52729.0,0.2202"
"94,2021,2,Maryland,All,All,All,Aged,All,All,509143.0,656342.66667,110783.0,0.2176"
"95,2021,2,Maryland,All,All,All,Disabled,All,All,64787.0,84970.666667,28626.0,0.4418"
"96,2021,2,Maryland,All,All,All,ESRD,All,All,8463.0,8703.6666667,2604.0,0.3077"
"97,2021,2,Maryland,All,All,All,All,0-64,All,68397.0,88778.333333,29863.0,0.4366"
"98,2021,2,Maryland,All,All,All,All,65-74,All,254582.0,345606.0,58741.0,0.2307"
"99,2021,2,Maryland,All,All,All,All,75-84,All,182711.0,223957.0,38395.0,0.2101"
"100,2021,2,Maryland,All,All,All,All,85 and over,All,76703.0,91675.666667,15014.0,0.1957"
"101,2021,2,Maryland,All,All,All,All,All,Rural,35363.0,44400.0,5820.0,0.1646"
"102,2021,2,Maryland,All,All,All,All,All,Urban,546960.0,705457.66667,136178.0,0.249"
"103,2021,3,Maryland,All,All,All,All,All,All,592450.0,756829.0,115124.0,0.1943"
"104,2021,3,Maryland,Medicare & Medicaid,All,All,All,All,All,105816.0,132215.0,30852.0,0.2916"
"105,2021,3,Maryland,Medicare Only,All,All,All,All,All,486634.0,624614.0,84272.0,0.1732"
"106,2021,3,Maryland,All,American Indian/Alaska Native,All,All,All,All,285.0,386.33333333,65.0,0.2281"
"107,2021,3,Maryland,All,Asian/Pacific Islander,All,All,All,All,21063.0,29917.0,4396.0,0.2087"
"108,2021,3,Maryland,All,Black/African American,All,All,All,All,135979.0,179899.33333,30445.0,0.2239"
"109,2021,3,Maryland,All,Hispanic,All,All,All,All,14830.0,21463.0,2939.0,0.1982"
"110,2021,3,Maryland,All,Non-Hispanic White,All,All,All,All,400143.0,497941.33333,73170.0,0.1829"
"111,2021,3,Maryland,All,All,Female,All,All,All,348558.0,431766.0,73154.0,0.2099"
"112,2021,3,Maryland,All,All,Male,All,All,All,243892.0,325063.0,41970.0,0.1721"
"113,2021,3,Maryland,All,All,All,Aged,All,All,518845.0,662832.66667,88357.0,0.1703"
"114,2021,3,Maryland,All,All,All,Disabled,All,All,65472.0,85562.666667,24858.0,0.3797"
"115,2021,3,Maryland,All,All,All,ESRD,All,All,8133.0,8433.6666667,1909.0,0.2347"
"116,2021,3,Maryland,All,All,All,All,0-64,All,69012.0,89355.0,25808.0,0.374"
"117,2021,3,Maryland,All,All,All,All,65-74,All,266109.0,356473.33333,48544.0,0.1824"
"118,2021,3,Maryland,All,All,All,All,75-84,All,182734.0,222058.66667,29543.0,0.1617"
"119,2021,3,Maryland,All,All,All,All,85 and over,All,74595.0,88942.0,11229.0,0.1505"
"120,2021,3,Maryland,All,All,All,All,All,Rural,36253.0,44820.666667,4454.0,0.1229"
"121,2021,3,Maryland,All,All,All,All,All,Urban,556135.0,711850.66667,110657.0,0.199"
"122,2021,4,Maryland,All,All,All,All,All,All,596854.0,760069.33333,114883.0,0.1925"
"123,2021,4,Maryland,Medicare & Medicaid,All,All,All,All,All,105475.0,132582.33333,30435.0,0.2886"
"124,2021,4,Maryland,Medicare Only,All,All,All,All,All,491379.0,627487.0,84448.0,0.1719"
"125,2021,4,Maryland,All,American Indian/Alaska Native,All,All,All,All,287.0,385.66666667,78.0,0.2718"
"126,2021,4,Maryland,All,Asian/Pacific Islander,All,All,All,All,21498.0,30191.333333,4255.0,0.1979"
"127,2021,4,Maryland,All,Black/African American,All,All,All,All,135914.0,180261.0,29396.0,0.2163"
"128,2021,4,Maryland,All,Hispanic,All,All,All,All,15025.0,21595.333333,2985.0,0.1987"
"129,2021,4,Maryland,All,Non-Hispanic White,All,All,All,All,403619.0,500004.0,74118.0,0.1836"
"130,2021,4,Maryland,All,All,Female,All,All,All,350927.0,433872.66667,72946.0,0.2079"
"131,2021,4,Maryland,All,All,Male,All,All,All,245927.0,326196.66667,41937.0,0.1705"
"132,2021,4,Maryland,All,All,All,Aged,All,All,523697.0,665684.33333,88476.0,0.1689"
"133,2021,4,Maryland,All,All,All,Disabled,All,All,65319.0,86216.666667,24619.0,0.3769"
"134,2021,4,Maryland,All,All,All,ESRD,All,All,7838.0,8168.3333333,1788.0,0.2281"
"135,2021,4,Maryland,All,All,All,All,0-64,All,68811.0,89984.666667,25516.0,0.3708"
"136,2021,4,Maryland,All,All,All,All,65-74,All,273907.0,364486.33333,49567.0,0.181"
"137,2021,4,Maryland,All,All,All,All,75-84,All,181738.0,219693.0,29029.0,0.1597"
"138,2021,4,Maryland,All,All,All,All,85 and over,All,72398.0,85905.333333,10771.0,0.1488"
"139,2021,4,Maryland,All,All,All,All,All,Rural,36449.0,45000.0,4430.0,0.1215"
"140,2021,4,Maryland,All,All,All,All,All,Urban,560348.0,714920.66667,110441.0,0.1971"
"141,2022,Overall,Maryland,All,All,All,All,All,All,720207.0,739680.75,262620.0,0.3646"
"142,2022,Overall,Maryland,All,All,All,All,All,Rural,42974.0,43155.5,10831.0,0.252"
"143,2022,Overall,Maryland,All,All,All,All,All,Urban,677136.0,696358.25,251760.0,0.3718"
"144,2022,Overall,Maryland,All,All,All,All,65-74,All,328565.0,340093.0,114513.0,0.3485"
"145,2022,Overall,Maryland,All,All,All,All,75-84,All,222978.0,229188.83333,78263.0,0.351"
"146,2022,Overall,Maryland,All,All,All,All,85 and over,All,90531.0,89498.666667,29913.0,0.3304"
"147,2022,Overall,Maryland,All,All,All,Aged,All,All,636759.0,654111.5,220284.0,0.3459"
"148,2022,Overall,Maryland,All,All,All,ESRD,All,All,9187.0,8114.6666667,4188.0,0.4559"
"149,2022,Overall,Maryland,All,All,Female,All,All,All,418338.0,422839.16667,162278.0,0.3879"
"150,2022,Overall,Maryland,All,All,Male,All,All,All,301869.0,316841.58333,100342.0,0.3324"
"151,2022,Overall,Maryland,All,American Indian/Alaska Native,All,All,All,All,337.0,367.75,134.0,0.3976"
"152,2022,Overall,Maryland,All,Asian/Pacific Islander,All,All,All,All,27517.0,29743.333333,10456.0,0.38"
"153,2022,Overall,Maryland,All,Black/African American,All,All,All,All,164563.0,171549.16667,63973.0,0.3887"
"154,2022,Overall,Maryland,All,Hispanic,All,All,All,All,19091.0,20763.333333,6709.0,0.3514"
"155,2022,Overall,Maryland,All,Non-Hispanic White,All,All,All,All,482317.0,489450.75,171451.0,0.3555"
"156,2022,Overall,Maryland,Medicare & Medicaid,All,All,All,All,All,130214.0,129159.41667,56411.0,0.4332"
"157,2022,Overall,Maryland,Medicare Only,All,All,All,All,All,589993.0,610521.33333,206209.0,0.3495"
"158,2022,1,Maryland,All,All,All,All,All,All,571027.0,736437.66667,135712.0,0.2377"
"159,2022,1,Maryland,Medicare & Medicaid,All,All,All,All,All,102975.0,130382.66667,34245.0,0.3326"
"160,2022,1,Maryland,Medicare Only,All,All,All,All,All,468052.0,606055.0,101467.0,0.2168"
"161,2022,1,Maryland,All,American Indian/Alaska Native,All,All,All,All,271.0,369.33333333,84.0,0.31"
"162,2022,1,Maryland,All,Asian/Pacific Islander,All,All,All,All,20120.0,29396.333333,5121.0,0.2545"
"163,2022,1,Maryland,All,Black/African American,All,All,All,All,129238.0,171576.66667,34826.0,0.2695"
"164,2022,1,Maryland,All,Hispanic,All,All,All,All,13894.0,20654.666667,3339.0,0.2403"
"165,2022,1,Maryland,All,Non-Hispanic White,All,All,All,All,387732.0,487284.66667,87643.0,0.226"
"166,2022,1,Maryland,All,All,Female,All,All,All,335278.0,420980.0,85122.0,0.2539"
"167,2022,1,Maryland,All,All,Male,All,All,All,235749.0,315457.66667,50590.0,0.2146"
"168,2022,1,Maryland,All,All,All,Aged,All,All,503871.0,650574.66667,108015.0,0.2144"
"169,2022,1,Maryland,All,All,All,Disabled,All,All,58774.0,77338.333333,25205.0,0.4288"
"170,2022,1,Maryland,All,All,All,ESRD,All,All,8382.0,8524.6666667,2492.0,0.2973"
"171,2022,1,Maryland,All,All,All,All,0-64,All,62106.0,80806.666667,26247.0,0.4226"
"172,2022,1,Maryland,All,All,All,All,65-74,All,242348.0,328824.33333,55437.0,0.2287"
"173,2022,1,Maryland,All,All,All,All,75-84,All,188149.0,232636.0,38791.0,0.2062"
"174,2022,1,Maryland,All,All,All,All,85 and over,All,78424.0,94170.666667,15237.0,0.1943"
"175,2022,1,Maryland,All,All,All,All,All,Rural,34271.0,43076.333333,5375.0,0.1568"
"176,2022,1,Maryland,All,All,All,All,All,Urban,536678.0,693183.33333,130322.0,0.2428"
"177,2022,2,Maryland,All,All,All,All,All,All,581049.0,736359.0,110333.0,0.1899"
"178,2022,2,Maryland,Medicare & Medicaid,All,All,All,All,All,102898.0,129125.33333,28350.0,0.2755"
"179,2022,2,Maryland,Medicare Only,All,All,All,All,All,478151.0,607233.66667,81983.0,0.1715"
"180,2022,2,Maryland,All,American Indian/Alaska Native,All,All,All,All,261.0,367.33333333,59.0,0.2261"
"181,2022,2,Maryland,All,Asian/Pacific Islander,All,All,All,All,20888.0,29494.333333,4285.0,0.2051"
"182,2022,2,Maryland,All,Black/African American,All,All,All,All,129929.0,170779.66667,27203.0,0.2094"
"183,2022,2,Maryland,All,Hispanic,All,All,All,All,14271.0,20549.0,2748.0,0.1926"
"184,2022,2,Maryland,All,Non-Hispanic White,All,All,All,All,395243.0,487694.33333,71796.0,0.1817"
"185,2022,2,Maryland,All,All,Female,All,All,All,342655.0,421090.33333,70043.0,0.2044"
"186,2022,2,Maryland,All,All,Male,All,All,All,238394.0,315268.66667,40290.0,0.169"
"187,2022,2,Maryland,All,All,All,Aged,All,All,514329.0,650983.66667,87161.0,0.1695"
"188,2022,2,Maryland,All,All,All,Disabled,All,All,58720.0,77151.666667,21390.0,0.3643"
"189,2022,2,Maryland,All,All,All,ESRD,All,All,8000.0,8223.6666667,1782.0,0.2228"
"190,2022,2,Maryland,All,All,All,All,0-64,All,61984.0,80598.0,22191.0,0.358"
"191,2022,2,Maryland,All,All,All,All,65-74,All,251665.0,334702.66667,45931.0,0.1825"
"192,2022,2,Maryland,All,All,All,All,75-84,All,190227.0,230182.0,30763.0,0.1617"
"193,2022,2,Maryland,All,All,All,All,85 and over,All,77173.0,90876.333333,11448.0,0.1483"
"194,2022,2,Maryland,All,All,All,All,All,Rural,35033.0,43022.333333,4151.0,0.1185"
"195,2022,2,Maryland,All,All,All,All,All,Urban,545947.0,693168.33333,106171.0,0.1945"
"196,2022,3,Maryland,All,All,All,All,All,All,582119.0,741900.0,107031.0,0.1839"
"197,2022,3,Maryland,Medicare & Medicaid,All,All,All,All,All,102131.0,128780.0,26937.0,0.2637"
"198,2022,3,Maryland,Medicare Only,All,All,All,All,All,479988.0,613120.0,80094.0,0.1669"
"199,2022,3,Maryland,All,American Indian/Alaska Native,All,All,All,All,270.0,367.66666667,64.0,0.237"
"200,2022,3,Maryland,All,Asian/Pacific Islander,All,All,All,All,21173.0,29929.333333,4470.0,0.2111"
"201,2022,3,Maryland,All,Black/African American,All,All,All,All,130494.0,171952.0,26218.0,0.2009"
"202,2022,3,Maryland,All,Hispanic,All,All,All,All,14380.0,20898.0,2700.0,0.1878"
"203,2022,3,Maryland,All,Non-Hispanic White,All,All,All,All,395080.0,490670.33333,69478.0,0.1759"
"204,2022,3,Maryland,All,All,Female,All,All,All,342635.0,424038.66667,67766.0,0.1978"
"205,2022,3,Maryland,All,All,Male,All,All,All,239484.0,317861.33333,39265.0,0.164"
"206,2022,3,Maryland,All,All,All,Aged,All,All,515530.0,656389.33333,84891.0,0.1647"
"207,2022,3,Maryland,All,All,All,Disabled,All,All,58840.0,77520.666667,20472.0,0.3479"
"208,2022,3,Maryland,All,All,All,ESRD,All,All,7749.0,7990.0,1668.0,0.2153"
"209,2022,3,Maryland,All,All,All,All,0-64,All,62093.0,80968.666667,21227.0,0.3419"
"210,2022,3,Maryland,All,All,All,All,65-74,All,257547.0,344808.66667,45646.0,0.1772"
"211,2022,3,Maryland,All,All,All,All,75-84,All,188206.0,228139.33333,29452.0,0.1565"
"212,2022,3,Maryland,All,All,All,All,85 and over,All,74273.0,87983.333333,10706.0,0.1441"
"213,2022,3,Maryland,All,All,All,All,All,Rural,34771.0,43222.0,3998.0,0.115"
"214,2022,3,Maryland,All,All,All,All,All,Urban,547293.0,698514.66667,103029.0,0.1883"
"215,2022,4,Maryland,All,All,All,All,All,All,584895.0,744026.33333,108726.0,0.1859"
"216,2022,4,Maryland,Medicare & Medicaid,All,All,All,All,All,100615.0,128349.66667,26398.0,0.2624"
"217,2022,4,Maryland,Medicare Only,All,All,All,All,All,484280.0,615676.66667,82328.0,0.17"
"218,2022,4,Maryland,All,American Indian/Alaska Native,All,All,All,All,276.0,366.66666667,63.0,0.2283"
"219,2022,4,Maryland,All,Asian/Pacific Islander,All,All,All,All,21297.0,30153.333333,4288.0,0.2013"
"220,2022,4,Maryland,All,Black/African American,All,All,All,All,129394.0,171888.33333,25902.0,0.2002"
"221,2022,4,Maryland,All,Hispanic,All,All,All,All,14264.0,20951.666667,2762.0,0.1936"
"222,2022,4,Maryland,All,Non-Hispanic White,All,All,All,All,398486.0,492153.66667,71506.0,0.1794"
"223,2022,4,Maryland,All,All,Female,All,All,All,344280.0,425247.66667,69243.0,0.2011"
"224,2022,4,Maryland,All,All,Male,All,All,All,240615.0,318778.66667,39483.0,0.1641"
"225,2022,4,Maryland,All,All,All,Aged,All,All,519108.0,658498.33333,87173.0,0.1679"
"226,2022,4,Maryland,All,All,All,Disabled,All,All,58367.0,77807.666667,20050.0,0.3435"
"227,2022,4,Maryland,All,All,All,ESRD,All,All,7420.0,7720.3333333,1503.0,0.2026"
"228,2022,4,Maryland,All,All,All,All,0-64,All,61542.0,81227.666667,20723.0,0.3367"
"229,2022,4,Maryland,All,All,All,All,65-74,All,264001.0,352036.33333,47330.0,0.1793"
"230,2022,4,Maryland,All,All,All,All,75-84,All,187320.0,225798.0,30079.0,0.1606"
"231,2022,4,Maryland,All,All,All,All,85 and over,All,72032.0,84964.333333,10594.0,0.1471"
"232,2022,4,Maryland,All,All,All,All,All,Rural,35019.0,43301.333333,4152.0,0.1186"
"233,2022,4,Maryland,All,All,All,All,All,Urban,549822.0,700566.66667,104566.0,0.1902"
"234,2023,Overall,Maryland,All,All,All,All,All,All,703717.0,724000.5,219549.0,0.312"
"235,2023,Overall,Maryland,All,All,All,All,All,Rural,46925.0,47211.0,10916.0,0.2326"
"236,2023,Overall,Maryland,All,All,All,All,All,Urban,656722.0,676639.41667,208612.0,0.3177"
"237,2023,Overall,Maryland,All,All,All,All,0-64,All,70119.0,72608.333333,31677.0,0.4518"
"238,2023,Overall,Maryland,All,All,All,All,65-74,All,318333.0,330058.66667,94752.0,0.2977"
"239,2023,Overall,Maryland,All,All,All,All,75-84,All,225525.0,232132.58333,67378.0,0.2988"
"240,2023,Overall,Maryland,All,All,All,All,85 and over,All,89740.0,89200.916667,25742.0,0.2869"
"241,2023,Overall,Maryland,All,All,All,Aged,All,All,628459.0,646799.33333,185768.0,0.2956"
"242,2023,Overall,Maryland,All,All,All,Disabled,All,All,66660.0,69490.833333,30292.0,0.4544"
"243,2023,Overall,Maryland,All,All,All,ESRD,All,All,8598.0,7710.3333333,3489.0,0.4058"
"244,2023,Overall,Maryland,All,All,Female,All,All,All,407816.0,413023.08333,136338.0,0.3343"
"245,2023,Overall,Maryland,All,All,Male,All,All,All,295901.0,310977.41667,83211.0,0.2812"
"246,2023,Overall,Maryland,All,American Indian/Alaska Native,All,All,All,All,310.0,335.75,119.0,0.3839"
"247,2023,Overall,Maryland,All,Asian/Pacific Islander,All,All,All,All,27196.0,29683.75,8673.0,0.3189"
"248,2023,Overall,Maryland,All,Black/African American,All,All,All,All,156099.0,163198.41667,53070.0,0.34"
"249,2023,Overall,Maryland,All,Hispanic,All,All,All,All,18483.0,20359.0,5576.0,0.3017"
"250,2023,Overall,Maryland,All,Non-Hispanic White,All,All,All,All,472854.0,480413.58333,142836.0,0.3021"
"251,2023,Overall,Maryland,Medicare & Medicaid,All,All,All,All,All,124313.0,123915.25,47923.0,0.3855"
"252,2023,Overall,Maryland,Medicare Only,All,All,All,All,All,579404.0,600085.25,171626.0,0.2962"
"253,2023,1,Maryland,All,All,All,All,All,All,570063.0,721797.66667,103509.0,0.1816"
"254,2023,1,Maryland,Medicare & Medicaid,All,All,All,All,All,99580.0,125747.0,26157.0,0.2627"
"255,2023,1,Maryland,Medicare Only,All,All,All,All,All,470483.0,596050.66667,77352.0,0.1644"
"256,2023,1,Maryland,All,American Indian/Alaska Native,All,All,All,All,255.0,345.66666667,59.0,0.2314"
"257,2023,1,Maryland,All,Asian/Pacific Islander,All,All,All,All,20547.0,29480.333333,4150.0,0.202"
"258,2023,1,Maryland,All,Black/African American,All,All,All,All,124936.0,163887.66667,25166.0,0.2014"
"259,2023,1,Maryland,All,Hispanic,All,All,All,All,13688.0,20291.0,2510.0,0.1834"
"260,2023,1,Maryland,All,Non-Hispanic White,All,All,All,All,389274.0,479005.33333,67447.0,0.1733"
"261,2023,1,Maryland,All,All,Female,All,All,All,334488.0,411959.33333,65480.0,0.1958"
"262,2023,1,Maryland,All,All,Male,All,All,All,235575.0,309838.33333,38029.0,0.1614"
"263,2023,1,Maryland,All,All,All,Aged,All,All,508714.0,643925.33333,83508.0,0.1642"
"264,2023,1,Maryland,All,All,All,Disabled,All,All,53388.0,69750.333333,18335.0,0.3434"
"265,2023,1,Maryland,All,All,All,ESRD,All,All,7961.0,8122.0,1666.0,0.2093"
"266,2023,1,Maryland,All,All,All,All,0-64,All,56441.0,72935.666667,19020.0,0.337"
"267,2023,1,Maryland,All,All,All,All,65-74,All,240493.0,319673.66667,42539.0,0.1769"
"268,2023,1,Maryland,All,All,All,All,75-84,All,193905.0,235686.66667,30269.0,0.1561"
"269,2023,1,Maryland,All,All,All,All,85 and over,All,79224.0,93501.666667,11681.0,0.1474"
"270,2023,1,Maryland,All,All,All,All,All,Rural,37981.0,47198.0,4942.0,0.1301"
"271,2023,1,Maryland,All,All,All,All,All,Urban,532033.0,674445.66667,98558.0,0.1852"
"272,2023,2,Maryland,All,All,All,All,All,All,572575.0,723189.0,90846.0,0.1587"
"273,2023,2,Maryland,Medicare & Medicaid,All,All,All,All,All,98685.0,124394.66667,23702.0,0.2402"
"274,2023,2,Maryland,Medicare Only,All,All,All,All,All,473890.0,598794.33333,67144.0,0.1417"
"275,2023,2,Maryland,All,American Indian/Alaska Native,All,All,All,All,264.0,339.0,60.0,0.2273"
"276,2023,2,Maryland,All,Asian/Pacific Islander,All,All,All,All,21039.0,29665.0,3589.0,0.1706"
"277,2023,2,Maryland,All,Black/African American,All,All,All,All,124416.0,163558.0,22567.0,0.1814"
"278,2023,2,Maryland,All,Hispanic,All,All,All,All,14023.0,20361.333333,2261.0,0.1612"
"279,2023,2,Maryland,All,Non-Hispanic White,All,All,All,All,390848.0,479809.0,58595.0,0.1499"
"280,2023,2,Maryland,All,All,Female,All,All,All,336723.0,412481.66667,57848.0,0.1718"
"281,2023,2,Maryland,All,All,Male,All,All,All,235852.0,310707.33333,32998.0,0.1399"
"282,2023,2,Maryland,All,All,All,Aged,All,All,512065.0,645823.33333,72250.0,0.1411"
"283,2023,2,Maryland,All,All,All,Disabled,All,All,52914.0,69511.333333,17044.0,0.3221"
"284,2023,2,Maryland,All,All,All,ESRD,All,All,7596.0,7854.3333333,1552.0,0.2043"
"285,2023,2,Maryland,All,All,All,All,0-64,All,55872.0,72656.333333,17688.0,0.3166"
"286,2023,2,Maryland,All,All,All,All,65-74,All,245997.0,326714.33333,37638.0,0.153"
"287,2023,2,Maryland,All,All,All,All,75-84,All,193747.0,233306.33333,26042.0,0.1344"
"288,2023,2,Maryland,All,All,All,All,85 and over,All,76959.0,90512.0,9478.0,0.1232"
"289,2023,2,Maryland,All,All,All,All,All,Rural,38433.0,47171.0,4286.0,0.1115"
"290,2023,2,Maryland,All,All,All,All,All,Urban,534085.0,675862.33333,86553.0,0.1621"
"291,2023,3,Maryland,All,All,All,All,All,All,570117.0,724500.33333,91022.0,0.1597"
"292,2023,3,Maryland,Medicare & Medicaid,All,All,All,All,All,97145.0,123221.0,23579.0,0.2427"
"293,2023,3,Maryland,Medicare Only,All,All,All,All,All,472972.0,601279.33333,67443.0,0.1426"
"294,2023,3,Maryland,All,American Indian/Alaska Native,All,All,All,All,244.0,330.33333333,44.0,0.1803"
"295,2023,3,Maryland,All,Asian/Pacific Islander,All,All,All,All,21084.0,29737.333333,3576.0,0.1696"
"296,2023,3,Maryland,All,Black/African American,All,All,All,All,123511.0,162771.33333,22313.0,0.1807"
"297,2023,3,Maryland,All,Hispanic,All,All,All,All,13975.0,20349.333333,2269.0,0.1624"
"298,2023,3,Maryland,All,Non-Hispanic White,All,All,All,All,388849.0,480923.33333,58789.0,0.1512"
"299,2023,3,Maryland,All,All,Female,All,All,All,334889.0,413298.0,57704.0,0.1723"
"300,2023,3,Maryland,All,All,Male,All,All,All,235228.0,311202.33333,33318.0,0.1416"
"301,2023,3,Maryland,All,All,All,Aged,All,All,510258.0,647615.0,72928.0,0.1429"
"302,2023,3,Maryland,All,All,All,Disabled,All,All,52576.0,69308.666667,16691.0,0.3175"
"303,2023,3,Maryland,All,All,All,ESRD,All,All,7283.0,7576.6666667,1403.0,0.1926"
"304,2023,3,Maryland,All,All,All,All,0-64,All,55442.0,72409.666667,17256.0,0.3112"
"305,2023,3,Maryland,All,All,All,All,65-74,All,249595.0,333286.0,38361.0,0.1537"
"306,2023,3,Maryland,All,All,All,All,75-84,All,190722.0,230989.0,26062.0,0.1366"
"307,2023,3,Maryland,All,All,All,All,85 and over,All,74358.0,87815.666667,9343.0,0.1256"
"308,2023,3,Maryland,All,All,All,All,All,Rural,38073.0,47194.333333,4344.0,0.1141"
"309,2023,3,Maryland,All,All,All,All,All,Urban,531997.0,677157.33333,86672.0,0.1629"
"310,2023,4,Maryland,All,All,All,All,All,All,576931.0,726515.0,97034.0,0.1682"
"311,2023,4,Maryland,Medicare & Medicaid,All,All,All,All,All,95977.0,122298.33333,23666.0,0.2466"
"312,2023,4,Maryland,Medicare Only,All,All,All,All,All,480954.0,604216.66667,73368.0,0.1525"
"313,2023,4,Maryland,All,American Indian/Alaska Native,All,All,All,All,240.0,328.0,48.0,0.2"
"314,2023,4,Maryland,All,Asian/Pacific Islander,All,All,All,All,21224.0,29852.333333,3792.0,0.1787"
"315,2023,4,Maryland,All,Black/African American,All,All,All,All,123508.0,162576.66667,22908.0,0.1855"
"316,2023,4,Maryland,All,Hispanic,All,All,All,All,13989.0,20434.333333,2406.0,0.172"
"317,2023,4,Maryland,All,Non-Hispanic White,All,All,All,All,394371.0,481916.66667,63517.0,0.1611"
"318,2023,4,Maryland,All,All,Female,All,All,All,338727.0,414353.33333,61761.0,0.1823"
"319,2023,4,Maryland,All,All,Male,All,All,All,238204.0,312161.66667,35273.0,0.1481"
"320,2023,4,Maryland,All,All,All,Aged,All,All,517585.0,649833.66667,78752.0,0.1522"
"321,2023,4,Maryland,All,All,All,Disabled,All,All,52398.0,69393.0,16906.0,0.3226"
"322,2023,4,Maryland,All,All,All,ESRD,All,All,6948.0,7288.3333333,1376.0,0.198"
"323,2023,4,Maryland,All,All,All,All,0-64,All,55172.0,72431.666667,17490.0,0.317"
"324,2023,4,Maryland,All,All,All,All,65-74,All,258248.0,340560.66667,42038.0,0.1628"
"325,2023,4,Maryland,All,All,All,All,75-84,All,191124.0,228548.33333,27674.0,0.1448"
"326,2023,4,Maryland,All,All,All,All,85 and over,All,72387.0,84974.333333,9832.0,0.1358"
"327,2023,4,Maryland,All,All,All,All,All,Rural,38430.0,47280.666667,4708.0,0.1225"
"328,2023,4,Maryland,All,All,All,All,All,Urban,538458.0,679092.33333,92318.0,0.1714"
"329,2024,Overall,Maryland,All,All,All,All,All,All,695428.0,713235.58333,219369.0,0.3154"
"330,2024,Overall,Maryland,All,All,All,All,All,Rural,46186.0,46281.916667,10896.0,0.2359"
"331,2024,Overall,Maryland,All,All,All,All,All,Urban,649164.0,666779.33333,208449.0,0.3211"
"332,2024,Overall,Maryland,All,All,All,All,0-64,All,63504.0,65461.416667,28873.0,0.4547"
"333,2024,Overall,Maryland,All,All,All,All,65-74,All,313512.0,323426.41667,94595.0,0.3017"
"334,2024,Overall,Maryland,All,All,All,All,75-84,All,228625.0,235307.0,69469.0,0.3039"
"335,2024,Overall,Maryland,All,All,All,All,85 and over,All,89787.0,89040.75,26432.0,0.2944"
"336,2024,Overall,Maryland,All,All,All,Aged,All,All,626839.0,643292.91667,188407.0,0.3006"
"337,2024,Overall,Maryland,All,All,All,Disabled,All,All,60231.0,62569.083333,27596.0,0.4582"
"338,2024,Overall,Maryland,All,All,All,ESRD,All,All,8358.0,7373.5833333,3366.0,0.4027"
"339,2024,Overall,Maryland,All,All,Female,All,All,All,402596.0,406392.91667,135491.0,0.3365"
"340,2024,Overall,Maryland,All,All,Male,All,All,All,292832.0,306842.66667,83878.0,0.2864"
"341,2024,Overall,Maryland,All,American Indian/Alaska Native,All,All,All,All,310.0,336.83333333,101.0,0.3258"
"342,2024,Overall,Maryland,All,Asian/Pacific Islander,All,All,All,All,27449.0,29628.666667,8412.0,0.3065"
"343,2024,Overall,Maryland,All,Black/African American,All,All,All,All,151478.0,158229.33333,51813.0,0.342"
"344,2024,Overall,Maryland,All,Hispanic,All,All,All,All,18492.0,20433.333333,5452.0,0.2948"
"345,2024,Overall,Maryland,All,Non-Hispanic White,All,All,All,All,471263.0,476666.0,144837.0,0.3073"
"346,2024,Overall,Maryland,Medicare & Medicaid,All,All,All,All,All,111223.0,109975.66667,43193.0,0.3883"
"347,2024,Overall,Maryland,Medicare Only,All,All,All,All,All,584205.0,603259.91667,176176.0,0.3016"
"348,2024,1,Maryland,All,All,All,All,All,All,562139.0,710741.33333,99140.0,0.1764"
"349,2024,1,Maryland,Medicare & Medicaid,All,All,All,All,All,88146.0,111351.0,22642.0,0.2569"
"350,2024,1,Maryland,Medicare Only,All,All,All,All,All,473993.0,599390.33333,76498.0,0.1614"
"351,2024,1,Maryland,All,American Indian/Alaska Native,All,All,All,All,247.0,339.33333333,52.0,0.2105"
"352,2024,1,Maryland,All,Asian/Pacific Islander,All,All,All,All,20442.0,29390.666667,3787.0,0.1853"
"353,2024,1,Maryland,All,Black/African American,All,All,All,All,120135.0,158499.66667,23642.0,0.1968"
"354,2024,1,Maryland,All,Hispanic,All,All,All,All,13374.0,20137.666667,2343.0,0.1752"
"355,2024,1,Maryland,All,Non-Hispanic White,All,All,All,All,387618.0,475045.66667,65475.0,0.1689"
"356,2024,1,Maryland,All,All,Female,All,All,All,329340.0,405211.66667,62718.0,0.1904"
"357,2024,1,Maryland,All,All,Male,All,All,All,232799.0,305529.66667,36422.0,0.1565"
"358,2024,1,Maryland,All,All,All,Aged,All,All,507053.0,640621.33333,81322.0,0.1604"
"359,2024,1,Maryland,All,All,All,Disabled,All,All,47549.0,62383.666667,16283.0,0.3424"
"360,2024,1,Maryland,All,All,All,ESRD,All,All,7537.0,7736.3333333,1535.0,0.2037"
"361,2024,1,Maryland,All,All,All,All,0-64,All,50303.0,65284.0,16877.0,0.3355"
"362,2024,1,Maryland,All,All,All,All,65-74,All,235481.0,312995.66667,40596.0,0.1724"
"363,2024,1,Maryland,All,All,All,All,75-84,All,196952.0,238920.0,30108.0,0.1529"
"364,2024,1,Maryland,All,All,All,All,85 and over,All,79403.0,93541.666667,11559.0,0.1456"
"365,2024,1,Maryland,All,All,All,All,All,Rural,37562.0,46228.333333,4806.0,0.1279"
"366,2024,1,Maryland,All,All,All,All,All,Urban,524523.0,664333.0,94325.0,0.1798"
"367,2024,2,Maryland,All,All,All,All,All,All,569463.0,712579.66667,91257.0,0.1603"
"368,2024,2,Maryland,Medicare & Medicaid,All,All,All,All,All,88039.0,110542.66667,21103.0,0.2397"
"369,2024,2,Maryland,Medicare Only,All,All,All,All,All,481424.0,602037.0,70154.0,0.1457"
"370,2024,2,Maryland,All,American Indian/Alaska Native,All,All,All,All,245.0,335.33333333,40.0,0.1633"
"371,2024,2,Maryland,All,Asian/Pacific Islander,All,All,All,All,21184.0,29607.333333,3493.0,0.1649"
"372,2024,2,Maryland,All,Black/African American,All,All,All,All,120971.0,158539.0,21891.0,0.181"
"373,2024,2,Maryland,All,Hispanic,All,All,All,All,14085.0,20407.666667,2280.0,0.1619"
"374,2024,2,Maryland,All,Non-Hispanic White,All,All,All,All,391797.0,475912.66667,59748.0,0.1525"
"375,2024,2,Maryland,All,All,Female,All,All,All,334458.0,406100.0,57829.0,0.1729"
"376,2024,2,Maryland,All,All,Male,All,All,All,235005.0,306479.66667,33428.0,0.1422"
"377,2024,2,Maryland,All,All,All,Aged,All,All,514531.0,642477.0,74425.0,0.1446"
"378,2024,2,Maryland,All,All,All,Disabled,All,All,47656.0,62596.666667,15392.0,0.323"
"379,2024,2,Maryland,All,All,All,ESRD,All,All,7276.0,7506.0,1440.0,0.1979"
"380,2024,2,Maryland,All,All,All,All,0-64,All,50393.0,65514.333333,15949.0,0.3165"
"381,2024,2,Maryland,All,All,All,All,65-74,All,243615.0,320090.0,38110.0,0.1564"
"382,2024,2,Maryland,All,All,All,All,75-84,All,197788.0,236538.33333,27254.0,0.1378"
"383,2024,2,Maryland,All,All,All,All,85 and over,All,77667.0,90437.0,9944.0,0.128"
"384,2024,2,Maryland,All,All,All,All,All,Rural,37965.0,46215.666667,4223.0,0.1112"
"385,2024,2,Maryland,All,All,All,All,All,Urban,531447.0,666187.0,87025.0,0.1638"
"386,2024,3,Maryland,All,All,All,All,All,All,565919.0,713928.0,95888.0,0.1694"
"387,2024,3,Maryland,Medicare & Medicaid,All,All,All,All,All,86788.0,109616.0,21586.0,0.2487"
"388,2024,3,Maryland,Medicare Only,All,All,All,All,All,479131.0,604312.0,74302.0,0.1551"
"389,2024,3,Maryland,All,American Indian/Alaska Native,All,All,All,All,250.0,336.0,42.0,0.168"
"390,2024,3,Maryland,All,Asian/Pacific Islander,All,All,All,All,21269.0,29691.333333,3655.0,0.1718"
"391,2024,3,Maryland,All,Black/African American,All,All,All,All,120066.0,158054.0,22603.0,0.1883"
"392,2024,3,Maryland,All,Hispanic,All,All,All,All,13911.0,20523.666667,2333.0,0.1677"
"393,2024,3,Maryland,All,Non-Hispanic White,All,All,All,All,389377.0,477178.33333,63325.0,0.1626"
"394,2024,3,Maryland,All,All,Female,All,All,All,331858.0,406725.33333,60713.0,0.1829"
"395,2024,3,Maryland,All,All,Male,All,All,All,234061.0,307202.66667,35175.0,0.1503"
"396,2024,3,Maryland,All,All,All,Aged,All,All,511567.0,644052.66667,79146.0,0.1547"
"397,2024,3,Maryland,All,All,All,Disabled,All,All,47344.0,62615.666667,15317.0,0.3235"
"398,2024,3,Maryland,All,All,All,ESRD,All,All,7008.0,7259.6666667,1425.0,0.2033"
"399,2024,3,Maryland,All,All,All,All,0-64,All,50036.0,65508.666667,15840.0,0.3166"
"400,2024,3,Maryland,All,All,All,All,65-74,All,246786.0,326792.0,40780.0,0.1652"
"401,2024,3,Maryland,All,All,All,All,75-84,All,194645.0,234105.66667,28779.0,0.1479"
"402,2024,3,Maryland,All,All,All,All,85 and over,All,74452.0,87521.666667,10489.0,0.1409"
"403,2024,3,Maryland,All,All,All,All,All,Rural,37307.0,46297.0,4603.0,0.1234"
"404,2024,3,Maryland,All,All,All,All,All,Urban,528565.0,667459.0,91275.0,0.1727"
"405,2024,4,Maryland,All,All,All,All,All,All,569570.0,715693.33333,95411.0,0.1675"
"406,2024,4,Maryland,Medicare & Medicaid,All,All,All,All,All,85088.0,108393.0,21861.0,0.2569"
"407,2024,4,Maryland,Medicare Only,All,All,All,All,All,484482.0,607300.33333,73550.0,0.1518"
"408,2024,4,Maryland,All,American Indian/Alaska Native,All,All,All,All,252.0,336.66666667,47.0,0.1865"
"409,2024,4,Maryland,All,Asian/Pacific Islander,All,All,All,All,21343.0,29825.333333,3520.0,0.1649"
"410,2024,4,Maryland,All,Black/African American,All,All,All,All,119161.0,157824.66667,22591.0,0.1896"
"411,2024,4,Maryland,All,Hispanic,All,All,All,All,13924.0,20664.333333,2359.0,0.1694"
"412,2024,4,Maryland,All,Non-Hispanic White,All,All,All,All,393248.0,478527.33333,62994.0,0.1602"
"413,2024,4,Maryland,All,All,Female,All,All,All,333532.0,407534.66667,60298.0,0.1808"
"414,2024,4,Maryland,All,All,Male,All,All,All,236038.0,308158.66667,35113.0,0.1488"
"415,2024,4,Maryland,All,All,All,Aged,All,All,515861.0,646020.66667,78591.0,0.1523"
"416,2024,4,Maryland,All,All,All,Disabled,All,All,46986.0,62680.333333,15372.0,0.3272"
"417,2024,4,Maryland,All,All,All,ESRD,All,All,6723.0,6992.3333333,1448.0,0.2154"
"418,2024,4,Maryland,All,All,All,All,0-64,All,49619.0,65538.666667,15965.0,0.3218"
"419,2024,4,Maryland,All,All,All,All,65-74,All,253757.0,333828.0,41291.0,0.1627"
"420,2024,4,Maryland,All,All,All,All,75-84,All,193771.0,231664.0,28164.0,0.1453"
"421,2024,4,Maryland,All,All,All,All,85 and over,All,72423.0,84662.666667,9991.0,0.138"
"422,2024,4,Maryland,All,All,All,All,All,Rural,37820.0,46386.666667,4554.0,0.1204"
"423,2024,4,Maryland,All,All,All,All,All,Urban,531704.0,669138.33333,90850.0,0.1709"
